--
-- PostgreSQL database dump
--

-- Dumped from database version 15.8
-- Dumped by pg_dump version 16.8 (Homebrew)

-- Started on 2025-03-28 22:52:16 IST

SET statement_timeout = 0;
SET lock_timeout = 0;
SET idle_in_transaction_session_timeout = 0;
SET client_encoding = 'UTF8';
SET standard_conforming_strings = on;
SELECT pg_catalog.set_config('search_path', '', false);
SET check_function_bodies = false;
SET xmloption = content;
SET client_min_messages = warning;
SET row_security = off;

--
-- TOC entry 5 (class 2615 OID 29550)
-- Name: public; Type: SCHEMA; Schema: -; Owner: postgres
--

CREATE SCHEMA public;


ALTER SCHEMA public OWNER TO postgres;

SET default_tablespace = '';

SET default_table_access_method = heap;

--
-- TOC entry 214 (class 1259 OID 29551)
-- Name: _prisma_migrations; Type: TABLE; Schema: public; Owner: postgres
--

CREATE TABLE public._prisma_migrations (
    id character varying(36) NOT NULL,
    checksum character varying(64) NOT NULL,
    finished_at timestamp with time zone,
    migration_name character varying(255) NOT NULL,
    logs text,
    rolled_back_at timestamp with time zone,
    started_at timestamp with time zone DEFAULT now() NOT NULL,
    applied_steps_count integer DEFAULT 0 NOT NULL
);


ALTER TABLE public._prisma_migrations OWNER TO postgres;

--
-- TOC entry 216 (class 1259 OID 29567)
-- Name: available_slots; Type: TABLE; Schema: public; Owner: postgres
--

CREATE TABLE public.available_slots (
    product_id text NOT NULL,
    slot_id text NOT NULL,
    start_date date NOT NULL,
    start_time text NOT NULL,
    end_time text NOT NULL,
    variant_id integer NOT NULL,
    remaining integer NOT NULL,
    currency_code character varying(3) NOT NULL,
    created_at timestamp(3) without time zone DEFAULT CURRENT_TIMESTAMP NOT NULL,
    updated_at timestamp(3) without time zone DEFAULT CURRENT_TIMESTAMP NOT NULL
);


ALTER TABLE public.available_slots OWNER TO postgres;

--
-- TOC entry 215 (class 1259 OID 29560)
-- Name: passenger_types; Type: TABLE; Schema: public; Owner: postgres
--

CREATE TABLE public.passenger_types (
    type text NOT NULL,
    name character varying(50) NOT NULL,
    description character varying(100) NOT NULL
);


ALTER TABLE public.passenger_types OWNER TO postgres;

--
-- TOC entry 220 (class 1259 OID 29585)
-- Name: pax_availability; Type: TABLE; Schema: public; Owner: postgres
--

CREATE TABLE public.pax_availability (
    id integer NOT NULL,
    product_id character varying(10) NOT NULL,
    slot_id text NOT NULL,
    pax_type text NOT NULL,
    min integer NOT NULL,
    max integer NOT NULL,
    remaining integer NOT NULL,
    is_primary boolean DEFAULT false NOT NULL,
    price_id integer NOT NULL
);


ALTER TABLE public.pax_availability OWNER TO postgres;

--
-- TOC entry 219 (class 1259 OID 29584)
-- Name: pax_availability_id_seq; Type: SEQUENCE; Schema: public; Owner: postgres
--

CREATE SEQUENCE public.pax_availability_id_seq
    AS integer
    START WITH 1
    INCREMENT BY 1
    NO MINVALUE
    NO MAXVALUE
    CACHE 1;


ALTER SEQUENCE public.pax_availability_id_seq OWNER TO postgres;

--
-- TOC entry 3394 (class 0 OID 0)
-- Dependencies: 219
-- Name: pax_availability_id_seq; Type: SEQUENCE OWNED BY; Schema: public; Owner: postgres
--

ALTER SEQUENCE public.pax_availability_id_seq OWNED BY public.pax_availability.id;


--
-- TOC entry 218 (class 1259 OID 29577)
-- Name: prices; Type: TABLE; Schema: public; Owner: postgres
--

CREATE TABLE public.prices (
    id integer NOT NULL,
    original_price double precision NOT NULL,
    discount double precision DEFAULT 0 NOT NULL,
    final_price double precision NOT NULL,
    currency_code character varying(3) NOT NULL
);


ALTER TABLE public.prices OWNER TO postgres;

--
-- TOC entry 217 (class 1259 OID 29576)
-- Name: prices_id_seq; Type: SEQUENCE; Schema: public; Owner: postgres
--

CREATE SEQUENCE public.prices_id_seq
    AS integer
    START WITH 1
    INCREMENT BY 1
    NO MINVALUE
    NO MAXVALUE
    CACHE 1;


ALTER SEQUENCE public.prices_id_seq OWNER TO postgres;

--
-- TOC entry 3395 (class 0 OID 0)
-- Dependencies: 217
-- Name: prices_id_seq; Type: SEQUENCE OWNED BY; Schema: public; Owner: postgres
--

ALTER SEQUENCE public.prices_id_seq OWNED BY public.prices.id;


--
-- TOC entry 3221 (class 2604 OID 29588)
-- Name: pax_availability id; Type: DEFAULT; Schema: public; Owner: postgres
--

ALTER TABLE ONLY public.pax_availability ALTER COLUMN id SET DEFAULT nextval('public.pax_availability_id_seq'::regclass);


--
-- TOC entry 3219 (class 2604 OID 29580)
-- Name: prices id; Type: DEFAULT; Schema: public; Owner: postgres
--

ALTER TABLE ONLY public.prices ALTER COLUMN id SET DEFAULT nextval('public.prices_id_seq'::regclass);


--
-- TOC entry 3381 (class 0 OID 29551)
-- Dependencies: 214
-- Data for Name: _prisma_migrations; Type: TABLE DATA; Schema: public; Owner: postgres
--

COPY public._prisma_migrations (id, checksum, finished_at, migration_name, logs, rolled_back_at, started_at, applied_steps_count) FROM stdin;
6f9c9e75-69d8-40f0-91f5-b3f920f669ff	90cc68c348adc6bab8f81a03ddf9b59e2a9b8b39e318ccd2766081f2dd743120	2025-03-28 15:35:08.108209+00	20250325060633_init_inventory_schema	\N	\N	2025-03-28 15:35:07.997749+00	1
8f242e0f-aef4-4ddd-bbd9-9e90d80a9c0f	d2b25413bcd798590ad56ac6028bc5b928c9ac52e7e4be8d61da2edc2f9aad94	2025-03-28 15:35:08.216914+00	20250327154607_	\N	\N	2025-03-28 15:35:08.137475+00	1
\.


--
-- TOC entry 3383 (class 0 OID 29567)
-- Dependencies: 216
-- Data for Name: available_slots; Type: TABLE DATA; Schema: public; Owner: postgres
--

COPY public.available_slots (product_id, slot_id, start_date, start_time, end_time, variant_id, remaining, currency_code, created_at, updated_at) FROM stdin;
14	225532707686_2025-04-03T04:30	2025-04-03	04:30	04:30	32	2000	SGD	2025-03-28 15:39:39.636	2025-03-28 17:11:55.233
14	225532707686_2025-04-06T07:00	2025-04-06	07:00	07:00	32	2000	SGD	2025-03-28 15:40:02.021	2025-03-28 17:12:17.354
14	225532707686_2025-04-06T05:00	2025-04-06	05:00	05:00	32	2000	SGD	2025-03-28 15:40:00.254	2025-03-28 17:12:15.05
14	225532707686_2025-04-03T05:30	2025-04-03	05:30	05:30	32	2000	SGD	2025-03-28 15:39:40.621	2025-03-28 17:11:56.119
14	225532707686_2025-04-03T06:00	2025-04-03	06:00	06:00	32	2000	SGD	2025-03-28 15:39:41.083	2025-03-28 17:11:56.565
14	225532707686_2025-03-30T04:00	2025-03-30	04:00	04:00	32	2000	SGD	2025-03-28 15:38:05.006	2025-03-28 17:10:36.151
14	225532707686_2025-04-03T07:30	2025-04-03	07:30	07:30	32	2000	SGD	2025-03-28 15:39:42.362	2025-03-28 17:11:57.888
14	225532707686_2025-04-03T08:00	2025-04-03	08:00	08:00	32	2000	SGD	2025-03-28 15:39:42.834	2025-03-28 17:11:58.346
14	225532707686_2025-04-06T04:00	2025-04-06	04:00	04:00	32	2000	SGD	2025-03-28 15:39:59.261	2025-03-28 17:12:14.071
14	225532707686_2025-04-03T06:30	2025-04-03	06:30	06:30	32	2000	SGD	2025-03-28 15:39:41.534	2025-03-28 17:11:57.002
14	225532707686_2025-03-30T07:00	2025-03-30	07:00	07:00	32	2000	SGD	2025-03-28 15:38:07.406	2025-03-28 17:11:34.02
14	225532707686_2025-03-30T08:00	2025-03-30	08:00	08:00	32	2000	SGD	2025-03-28 15:38:08.211	2025-03-28 17:11:34.869
14	225532707686_2025-03-30T06:00	2025-03-30	06:00	06:00	32	2000	SGD	2025-03-28 15:38:06.599	2025-03-28 17:11:33.002
14	225532707686_2025-04-01T04:30	2025-04-01	04:30	04:30	32	2000	SGD	2025-03-28 15:38:08.874	2025-03-28 17:11:35.579
14	225532707686_2025-03-27T05:30	2025-03-27	05:30	05:30	32	2000	SGD	2025-03-28 15:37:31.067	2025-03-28 17:15:12.845
14	225532707686_2025-04-01T05:30	2025-04-01	05:30	05:30	32	2000	SGD	2025-03-28 15:38:09.655	2025-03-28 17:11:36.432
14	225532707686_2025-04-06T04:30	2025-04-06	04:30	04:30	32	2000	SGD	2025-03-28 15:39:59.851	2025-03-28 17:12:14.508
14	225532707686_2025-04-01T06:30	2025-04-01	06:30	06:30	32	2000	SGD	2025-03-28 15:38:10.295	2025-03-28 17:11:37.202
14	225532707686_2025-03-30T05:00	2025-03-30	05:00	05:00	32	2000	SGD	2025-03-28 15:38:05.791	2025-03-28 17:10:54.507
14	225532707686_2025-04-01T07:30	2025-04-01	07:30	07:30	32	2000	SGD	2025-03-28 15:38:11.18	2025-03-28 17:11:38.071
14	225532707686_2025-03-30T06:30	2025-03-30	06:30	06:30	32	2000	SGD	2025-03-28 15:38:07.008	2025-03-28 17:11:33.6
15	225532707687_2025-03-30T00:00	2025-03-30	00:00	00:00	122	170	SGD	2025-03-28 15:38:11.972	2025-03-28 17:11:38.929
14	225532707686_2025-04-06T05:30	2025-04-06	05:30	05:30	32	2000	SGD	2025-03-28 15:40:00.659	2025-03-28 17:12:15.497
14	225532707686_2025-04-03T05:00	2025-04-03	05:00	05:00	32	2000	SGD	2025-03-28 15:39:40.147	2025-03-28 17:11:55.69
14	225532707686_2025-04-06T06:00	2025-04-06	06:00	06:00	32	2000	SGD	2025-03-28 15:40:01.077	2025-03-28 17:12:15.952
14	225532707686_2025-03-27T05:00	2025-03-27	05:00	05:00	32	2000	SGD	2025-03-28 15:37:30.433	2025-03-28 17:15:12.388
14	225532707686_2025-04-06T06:30	2025-04-06	06:30	06:30	32	2000	SGD	2025-03-28 15:40:01.538	2025-03-28 17:12:16.8
14	225532707686_2025-04-06T07:30	2025-04-06	07:30	07:30	32	2000	SGD	2025-03-28 15:40:02.453	2025-03-28 17:12:17.794
14	225532707686_2025-04-01T05:00	2025-04-01	05:00	05:00	32	2000	SGD	2025-03-28 15:38:09.261	2025-03-28 17:11:36.008
14	225532707686_2025-03-30T04:30	2025-03-30	04:30	04:30	32	2000	SGD	2025-03-28 15:38:05.402	2025-03-28 17:10:38.082
14	225532707686_2025-03-30T05:30	2025-03-30	05:30	05:30	32	2000	SGD	2025-03-28 15:38:06.192	2025-03-28 17:11:10.103
14	225532707686_2025-04-01T06:00	2025-04-01	06:00	06:00	32	2000	SGD	2025-03-28 15:38:09.902	2025-03-28 17:11:36.751
14	225532707686_2025-03-30T07:30	2025-03-30	07:30	07:30	32	2000	SGD	2025-03-28 15:38:07.805	2025-03-28 17:11:34.445
14	225532707686_2025-04-03T04:00	2025-04-03	04:00	04:00	32	2000	SGD	2025-03-28 15:39:39.109	2025-03-28 17:11:54.794
14	225532707686_2025-04-01T04:00	2025-04-01	04:00	04:00	32	2000	SGD	2025-03-28 15:38:08.622	2025-03-28 17:11:35.293
14	225532707686_2025-04-01T07:00	2025-04-01	07:00	07:00	32	2000	SGD	2025-03-28 15:38:10.728	2025-03-28 17:11:37.637
14	225532707686_2025-04-03T07:00	2025-04-03	07:00	07:00	32	2000	SGD	2025-03-28 15:39:41.947	2025-03-28 17:11:57.447
15	225532707687_2025-04-06T00:00	2025-04-06	00:00	00:00	122	170	SGD	2025-03-28 15:40:03.286	2025-03-28 17:12:18.684
14	225532707686_2025-04-08T04:00	2025-04-08	04:00	04:00	32	2000	SGD	2025-03-28 15:40:19.236	2025-03-28 17:12:34.758
14	225532707686_2025-04-08T04:30	2025-04-08	04:30	04:30	32	2000	SGD	2025-03-28 15:40:19.509	2025-03-28 17:12:35.055
14	225532707686_2025-04-08T05:00	2025-04-08	05:00	05:00	32	2000	SGD	2025-03-28 15:40:19.924	2025-03-28 17:12:35.487
14	225532707686_2025-04-08T05:30	2025-04-08	05:30	05:30	32	2000	SGD	2025-03-28 15:40:20.339	2025-03-28 17:12:35.931
14	225532707686_2025-04-08T06:00	2025-04-08	06:00	06:00	32	2000	SGD	2025-03-28 15:40:20.619	2025-03-28 17:12:36.236
14	225532707686_2025-04-08T06:30	2025-04-08	06:30	06:30	32	2000	SGD	2025-03-28 15:40:21.054	2025-03-28 17:12:36.707
14	225532707686_2025-04-08T07:00	2025-04-08	07:00	07:00	32	2000	SGD	2025-03-28 15:40:21.465	2025-03-28 17:12:37.194
14	225532707686_2025-04-08T07:30	2025-04-08	07:30	07:30	32	2000	SGD	2025-03-28 15:40:21.885	2025-03-28 17:12:37.64
14	225532707686_2025-04-08T08:00	2025-04-08	08:00	08:00	32	2000	SGD	2025-03-28 15:40:22.28	2025-03-28 17:12:38.099
14	225532707686_2025-04-10T04:00	2025-04-10	04:00	04:00	32	2000	SGD	2025-03-28 15:40:22.692	2025-03-28 17:12:38.552
14	225532707686_2025-04-10T04:30	2025-04-10	04:30	04:30	32	2000	SGD	2025-03-28 15:40:23.131	2025-03-28 17:12:38.99
14	225532707686_2025-04-10T05:00	2025-04-10	05:00	05:00	32	2000	SGD	2025-03-28 15:40:23.549	2025-03-28 17:12:39.448
14	225532707686_2025-04-10T05:30	2025-04-10	05:30	05:30	32	2000	SGD	2025-03-28 15:40:23.959	2025-03-28 17:12:39.893
14	225532707686_2025-04-10T06:00	2025-04-10	06:00	06:00	32	2000	SGD	2025-03-28 15:40:24.378	2025-03-28 17:12:40.338
14	225532707686_2025-04-10T06:30	2025-04-10	06:30	06:30	32	2000	SGD	2025-03-28 15:40:24.786	2025-03-28 17:12:40.776
14	225532707686_2025-04-10T07:00	2025-04-10	07:00	07:00	32	2000	SGD	2025-03-28 15:40:25.195	2025-03-28 17:12:41.55
14	225532707686_2025-04-10T07:30	2025-04-10	07:30	07:30	32	2000	SGD	2025-03-28 15:40:25.611	2025-03-28 17:12:42.212
14	225532707686_2025-04-10T08:00	2025-04-10	08:00	08:00	32	2000	SGD	2025-03-28 15:40:26.041	2025-03-28 17:12:42.652
14	225532707686_2025-04-13T04:00	2025-04-13	04:00	04:00	32	2000	SGD	2025-03-28 15:40:41.781	2025-03-28 17:12:58.387
14	225532707686_2025-04-13T04:30	2025-04-13	04:30	04:30	32	2000	SGD	2025-03-28 15:40:42.193	2025-03-28 17:12:58.837
14	225532707686_2025-04-13T05:00	2025-04-13	05:00	05:00	32	2000	SGD	2025-03-28 15:40:42.617	2025-03-28 17:12:59.266
14	225532707686_2025-04-13T05:30	2025-04-13	05:30	05:30	32	2000	SGD	2025-03-28 15:40:43.02	2025-03-28 17:12:59.69
14	225532707686_2025-04-13T06:00	2025-04-13	06:00	06:00	32	2000	SGD	2025-03-28 15:40:43.436	2025-03-28 17:13:00.149
14	225532707686_2025-04-13T06:30	2025-04-13	06:30	06:30	32	2000	SGD	2025-03-28 15:40:43.846	2025-03-28 17:13:00.594
14	225532707686_2025-04-13T07:00	2025-04-13	07:00	07:00	32	2000	SGD	2025-03-28 15:40:44.267	2025-03-28 17:13:01.059
14	225532707686_2025-04-13T08:00	2025-04-13	08:00	08:00	32	2000	SGD	2025-03-28 15:40:45.636	2025-03-28 17:13:01.999
14	225532707686_2025-03-27T04:30	2025-03-27	04:30	04:30	32	2000	SGD	2025-03-28 15:37:29.901	2025-03-28 17:15:11.922
14	225532707686_2025-04-15T06:00	2025-04-15	06:00	06:00	32	2000	SGD	2025-03-28 15:41:03.292	2025-03-28 17:13:19.774
14	225532707686_2025-04-15T06:30	2025-04-15	06:30	06:30	32	2000	SGD	2025-03-28 15:41:03.706	2025-03-28 17:13:20.494
14	225532707686_2025-04-15T07:00	2025-04-15	07:00	07:00	32	2000	SGD	2025-03-28 15:41:04.108	2025-03-28 17:13:21.159
14	225532707686_2025-04-15T07:30	2025-04-15	07:30	07:30	32	2000	SGD	2025-03-28 15:41:04.518	2025-03-28 17:13:21.609
14	225532707686_2025-04-15T08:00	2025-04-15	08:00	08:00	32	2000	SGD	2025-03-28 15:41:04.932	2025-03-28 17:13:22.06
14	225532707686_2025-04-17T04:00	2025-04-17	04:00	04:00	32	2000	SGD	2025-03-28 15:41:20.617	2025-03-28 17:13:37.78
14	225532707686_2025-04-17T04:30	2025-04-17	04:30	04:30	32	2000	SGD	2025-03-28 15:41:21.048	2025-03-28 17:13:38.26
14	225532707686_2025-04-17T05:00	2025-04-17	05:00	05:00	32	2000	SGD	2025-03-28 15:41:21.462	2025-03-28 17:13:38.768
14	225532707686_2025-04-15T05:00	2025-04-15	05:00	05:00	32	2000	SGD	2025-03-28 15:41:02.62	2025-03-28 17:13:19.044
14	225532707686_2025-04-17T05:30	2025-04-17	05:30	05:30	32	2000	SGD	2025-03-28 15:41:22.246	2025-03-28 17:13:41.221
14	225532707686_2025-04-17T06:00	2025-04-17	06:00	06:00	32	2000	SGD	2025-03-28 15:41:22.805	2025-03-28 17:13:41.677
14	225532707686_2025-04-17T06:30	2025-04-17	06:30	06:30	32	2000	SGD	2025-03-28 15:41:23.228	2025-03-28 17:13:42.136
14	225532707686_2025-04-17T07:00	2025-04-17	07:00	07:00	32	2000	SGD	2025-03-28 15:41:23.654	2025-03-28 17:13:42.949
14	225532707686_2025-04-17T07:30	2025-04-17	07:30	07:30	32	2000	SGD	2025-03-28 15:41:24.07	2025-03-28 17:13:43.93
14	225532707686_2025-04-20T04:00	2025-04-20	04:00	04:00	32	2000	SGD	2025-03-28 15:41:40.533	2025-03-28 17:14:00.274
14	225532707686_2025-04-20T04:30	2025-04-20	04:30	04:30	32	2000	SGD	2025-03-28 15:41:40.959	2025-03-28 17:14:00.725
14	225532707686_2025-04-20T05:00	2025-04-20	05:00	05:00	32	2000	SGD	2025-03-28 15:41:41.382	2025-03-28 17:14:01.176
14	225532707686_2025-04-20T05:30	2025-04-20	05:30	05:30	32	2000	SGD	2025-03-28 15:41:41.795	2025-03-28 17:14:01.626
14	225532707686_2025-04-20T06:00	2025-04-20	06:00	06:00	32	2000	SGD	2025-03-28 15:41:42.216	2025-03-28 17:14:02.086
14	225532707686_2025-04-20T06:30	2025-04-20	06:30	06:30	32	2000	SGD	2025-03-28 15:41:42.643	2025-03-28 17:14:02.595
14	225532707686_2025-04-20T07:00	2025-04-20	07:00	07:00	32	2000	SGD	2025-03-28 15:41:43.184	2025-03-28 17:14:03.047
14	225532707686_2025-04-20T07:30	2025-04-20	07:30	07:30	32	2000	SGD	2025-03-28 15:41:43.722	2025-03-28 17:14:03.505
14	225532707686_2025-04-20T08:00	2025-04-20	08:00	08:00	32	2000	SGD	2025-03-28 15:41:44.138	2025-03-28 17:14:03.953
14	225532707686_2025-04-22T04:00	2025-04-22	04:00	04:00	32	2000	SGD	2025-03-28 15:41:44.553	2025-03-28 17:14:04.411
14	225532707686_2025-04-22T04:30	2025-04-22	04:30	04:30	32	2000	SGD	2025-03-28 15:41:44.815	2025-03-28 17:14:04.711
14	225532707686_2025-04-22T05:00	2025-04-22	05:00	05:00	32	2000	SGD	2025-03-28 15:41:45.96	2025-03-28 17:14:05.181
14	225532707686_2025-04-22T05:30	2025-04-22	05:30	05:30	32	2000	SGD	2025-03-28 15:41:46.394	2025-03-28 17:14:05.634
14	225532707686_2025-04-22T06:00	2025-04-22	06:00	06:00	32	2000	SGD	2025-03-28 15:41:46.653	2025-03-28 17:14:06.078
14	225532707686_2025-04-22T06:30	2025-04-22	06:30	06:30	32	2000	SGD	2025-03-28 15:41:47.796	2025-03-28 17:14:06.935
14	225532707686_2025-04-22T07:00	2025-04-22	07:00	07:00	32	2000	SGD	2025-03-28 15:41:48.202	2025-03-28 17:14:07.435
14	225532707686_2025-04-22T07:30	2025-04-22	07:30	07:30	32	2000	SGD	2025-03-28 15:41:48.773	2025-03-28 17:14:08.011
14	225532707686_2025-04-22T08:00	2025-04-22	08:00	08:00	32	2000	SGD	2025-03-28 15:41:49.18	2025-03-28 17:14:08.449
15	225532707687_2025-04-20T00:00	2025-04-20	00:00	00:00	122	170	SGD	2025-03-28 15:41:49.609	2025-03-28 17:14:08.9
14	225532707686_2025-04-24T04:00	2025-04-24	04:00	04:00	32	2000	SGD	2025-03-28 15:42:05.667	2025-03-28 17:14:25.367
14	225532707686_2025-04-24T04:30	2025-04-24	04:30	04:30	32	2000	SGD	2025-03-28 15:42:06.137	2025-03-28 17:14:25.801
14	225532707686_2025-04-24T05:00	2025-04-24	05:00	05:00	32	2000	SGD	2025-03-28 15:42:06.69	2025-03-28 17:14:26.264
14	225532707686_2025-04-24T05:30	2025-04-24	05:30	05:30	32	2000	SGD	2025-03-28 15:42:07.549	2025-03-28 17:14:26.733
14	225532707686_2025-04-24T06:00	2025-04-24	06:00	06:00	32	2000	SGD	2025-03-28 15:42:07.984	2025-03-28 17:14:27.189
14	225532707686_2025-04-24T06:30	2025-04-24	06:30	06:30	32	2000	SGD	2025-03-28 15:42:08.423	2025-03-28 17:14:27.67
14	225532707686_2025-04-24T07:00	2025-04-24	07:00	07:00	32	2000	SGD	2025-03-28 15:42:08.861	2025-03-28 17:14:28.426
14	225532707686_2025-04-24T08:00	2025-04-24	08:00	08:00	32	2000	SGD	2025-03-28 15:42:09.738	2025-03-28 17:14:29.599
14	225532707686_2025-04-15T04:00	2025-04-15	04:00	04:00	32	2000	SGD	2025-03-28 15:41:01.94	2025-03-28 17:13:18.299
14	225532707686_2025-04-15T04:30	2025-04-15	04:30	04:30	32	2000	SGD	2025-03-28 15:41:02.199	2025-03-28 17:13:18.598
14	225532707686_2025-04-27T04:00	2025-04-27	04:00	04:00	32	2000	SGD	2025-03-28 15:42:25.433	2025-03-28 15:53:20.236
14	225532707686_2025-04-27T04:30	2025-04-27	04:30	04:30	32	2000	SGD	2025-03-28 15:42:25.858	2025-03-28 15:53:20.662
14	225532707686_2025-04-27T05:00	2025-04-27	05:00	05:00	32	2000	SGD	2025-03-28 15:42:26.309	2025-03-28 15:53:21.077
14	225532707686_2025-04-27T05:30	2025-04-27	05:30	05:30	32	2000	SGD	2025-03-28 15:42:26.743	2025-03-28 15:53:21.495
14	225532707686_2025-04-27T06:00	2025-04-27	06:00	06:00	32	2000	SGD	2025-03-28 15:42:27.167	2025-03-28 15:53:21.906
14	225532707686_2025-04-27T06:30	2025-04-27	06:30	06:30	32	2000	SGD	2025-03-28 15:42:27.612	2025-03-28 15:53:22.414
14	225532707686_2025-04-27T07:00	2025-04-27	07:00	07:00	32	2000	SGD	2025-03-28 15:42:28.031	2025-03-28 15:53:22.857
14	225532707686_2025-04-27T07:30	2025-04-27	07:30	07:30	32	2000	SGD	2025-03-28 15:42:28.459	2025-03-28 15:53:23.275
14	225532707686_2025-04-27T08:00	2025-04-27	08:00	08:00	32	2000	SGD	2025-03-28 15:42:28.881	2025-03-28 15:53:23.693
15	225532707687_2025-04-27T00:00	2025-04-27	00:00	00:00	122	170	SGD	2025-03-28 15:42:29.311	2025-03-28 15:53:24.101
14	225532707686_2025-04-29T04:00	2025-04-29	04:00	04:00	32	2000	SGD	2025-03-28 15:42:45.691	2025-03-28 15:53:39.918
14	225532707686_2025-04-29T04:30	2025-04-29	04:30	04:30	32	2000	SGD	2025-03-28 15:42:45.957	2025-03-28 15:53:40.209
14	225532707686_2025-04-29T05:00	2025-04-29	05:00	05:00	32	2000	SGD	2025-03-28 15:42:46.383	2025-03-28 15:53:40.618
14	225532707686_2025-04-29T05:30	2025-04-29	05:30	05:30	32	2000	SGD	2025-03-28 15:42:46.806	2025-03-28 15:53:41.043
14	225532707686_2025-04-29T06:00	2025-04-29	06:00	06:00	32	2000	SGD	2025-03-28 15:42:47.067	2025-03-28 15:53:41.333
14	225532707686_2025-04-29T06:30	2025-04-29	06:30	06:30	32	2000	SGD	2025-03-28 15:42:47.527	2025-03-28 15:53:41.761
14	225532707686_2025-04-29T07:00	2025-04-29	07:00	07:00	32	2000	SGD	2025-03-28 15:42:47.953	2025-03-28 15:53:42.204
14	225532707686_2025-04-29T07:30	2025-04-29	07:30	07:30	32	2000	SGD	2025-03-28 15:42:48.395	2025-03-28 15:53:42.628
14	225532707686_2025-04-29T08:00	2025-04-29	08:00	08:00	32	2000	SGD	2025-03-28 15:42:48.806	2025-03-28 15:53:43.034
14	225532707686_2025-05-01T04:00	2025-05-01	04:00	04:00	32	2000	SGD	2025-03-28 15:42:49.225	2025-03-28 15:53:43.456
14	225532707686_2025-05-01T04:30	2025-05-01	04:30	04:30	32	2000	SGD	2025-03-28 15:42:49.651	2025-03-28 15:53:43.88
14	225532707686_2025-05-01T05:00	2025-05-01	05:00	05:00	32	2000	SGD	2025-03-28 15:42:50.074	2025-03-28 15:53:44.303
14	225532707686_2025-05-01T05:30	2025-05-01	05:30	05:30	32	2000	SGD	2025-03-28 15:42:50.501	2025-03-28 15:53:44.724
14	225532707686_2025-05-01T06:00	2025-05-01	06:00	06:00	32	2000	SGD	2025-03-28 15:42:50.946	2025-03-28 15:53:45.141
14	225532707686_2025-05-01T06:30	2025-05-01	06:30	06:30	32	2000	SGD	2025-03-28 15:42:51.37	2025-03-28 15:53:45.583
14	225532707686_2025-05-01T07:30	2025-05-01	07:30	07:30	32	2000	SGD	2025-03-28 15:42:52.733	2025-03-28 15:53:46.95
14	225532707686_2025-05-01T08:00	2025-05-01	08:00	08:00	32	2000	SGD	2025-03-28 15:42:53.15	2025-03-28 15:53:47.414
14	225532707686_2025-04-15T05:30	2025-04-15	05:30	05:30	32	2000	SGD	2025-03-28 15:41:03.03	2025-03-28 17:13:19.484
14	225532707686_2025-05-04T04:30	2025-05-04	04:30	04:30	32	2000	SGD	2025-03-28 15:43:09.328	2025-03-28 15:54:03.519
14	225532707686_2025-05-04T05:00	2025-05-04	05:00	05:00	32	2000	SGD	2025-03-28 15:43:09.734	2025-03-28 15:54:03.929
14	225532707686_2025-05-04T05:30	2025-05-04	05:30	05:30	32	2000	SGD	2025-03-28 15:43:10.154	2025-03-28 15:54:04.337
14	225532707686_2025-05-04T06:00	2025-05-04	06:00	06:00	32	2000	SGD	2025-03-28 15:43:10.571	2025-03-28 15:54:04.752
14	225532707686_2025-05-04T06:30	2025-05-04	06:30	06:30	32	2000	SGD	2025-03-28 15:43:10.988	2025-03-28 15:54:05.155
14	225532707686_2025-05-04T07:00	2025-05-04	07:00	07:00	32	2000	SGD	2025-03-28 15:43:11.406	2025-03-28 15:54:05.562
14	225532707686_2025-05-04T07:30	2025-05-04	07:30	07:30	32	2000	SGD	2025-03-28 15:43:11.82	2025-03-28 15:54:05.963
14	225532707686_2025-05-04T08:00	2025-05-04	08:00	08:00	32	2000	SGD	2025-03-28 15:43:12.234	2025-03-28 15:54:06.356
15	225532707687_2025-05-04T00:00	2025-05-04	00:00	00:00	122	170	SGD	2025-03-28 15:43:12.656	2025-03-28 15:54:06.76
14	225532707686_2025-05-06T04:00	2025-05-06	04:00	04:00	32	2000	SGD	2025-03-28 15:43:28.81	2025-03-28 15:54:22.696
14	225532707686_2025-05-06T04:30	2025-05-06	04:30	04:30	32	2000	SGD	2025-03-28 15:43:29.081	2025-03-28 15:54:23.013
14	225532707686_2025-05-06T05:00	2025-05-06	05:00	05:00	32	2000	SGD	2025-03-28 15:43:29.716	2025-03-28 15:54:23.438
14	225532707686_2025-05-06T05:30	2025-05-06	05:30	05:30	32	2000	SGD	2025-03-28 15:43:30.514	2025-03-28 15:54:23.851
14	225532707686_2025-05-06T06:00	2025-05-06	06:00	06:00	32	2000	SGD	2025-03-28 15:43:30.774	2025-03-28 15:54:24.276
14	225532707686_2025-05-06T06:30	2025-05-06	06:30	06:30	32	2000	SGD	2025-03-28 15:43:31.19	2025-03-28 15:54:24.708
14	225532707686_2025-05-06T07:00	2025-05-06	07:00	07:00	32	2000	SGD	2025-03-28 15:43:31.726	2025-03-28 15:54:25.143
14	225532707686_2025-05-06T07:30	2025-05-06	07:30	07:30	32	2000	SGD	2025-03-28 15:43:32.139	2025-03-28 15:54:25.547
14	225532707686_2025-05-08T04:00	2025-05-08	04:00	04:00	32	2000	SGD	2025-03-28 15:43:48.456	2025-03-28 15:54:41.968
14	225532707686_2025-05-08T04:30	2025-05-08	04:30	04:30	32	2000	SGD	2025-03-28 15:43:49.039	2025-03-28 15:54:42.51
14	225532707686_2025-05-08T05:00	2025-05-08	05:00	05:00	32	2000	SGD	2025-03-28 15:43:49.449	2025-03-28 15:54:42.917
14	225532707686_2025-05-08T05:30	2025-05-08	05:30	05:30	32	2000	SGD	2025-03-28 15:43:49.86	2025-03-28 15:54:43.332
14	225532707686_2025-05-08T06:00	2025-05-08	06:00	06:00	32	2000	SGD	2025-03-28 15:43:50.285	2025-03-28 15:54:43.901
14	225532707686_2025-05-08T06:30	2025-05-08	06:30	06:30	32	2000	SGD	2025-03-28 15:43:50.713	2025-03-28 15:54:44.316
14	225532707686_2025-05-08T07:00	2025-05-08	07:00	07:00	32	2000	SGD	2025-03-28 15:43:51.143	2025-03-28 15:54:44.852
14	225532707686_2025-05-08T07:30	2025-05-08	07:30	07:30	32	2000	SGD	2025-03-28 15:43:51.572	2025-03-28 15:54:45.266
14	225532707686_2025-05-08T08:00	2025-05-08	08:00	08:00	32	2000	SGD	2025-03-28 15:43:51.974	2025-03-28 15:54:45.691
14	225532707686_2025-05-11T04:00	2025-05-11	04:00	04:00	32	2000	SGD	2025-03-28 15:44:07.683	2025-03-28 15:55:01.639
14	225532707686_2025-05-11T04:30	2025-05-11	04:30	04:30	32	2000	SGD	2025-03-28 15:44:08.086	2025-03-28 15:55:02.105
14	225532707686_2025-05-11T05:00	2025-05-11	05:00	05:00	32	2000	SGD	2025-03-28 15:44:08.486	2025-03-28 15:55:02.514
14	225532707686_2025-05-11T05:30	2025-05-11	05:30	05:30	32	2000	SGD	2025-03-28 15:44:08.879	2025-03-28 15:55:02.927
14	225532707686_2025-05-11T06:00	2025-05-11	06:00	06:00	32	2000	SGD	2025-03-28 15:44:09.271	2025-03-28 15:55:03.339
14	225532707686_2025-05-11T06:30	2025-05-11	06:30	06:30	32	2000	SGD	2025-03-28 15:44:09.666	2025-03-28 15:55:03.76
14	225532707686_2025-05-11T07:00	2025-05-11	07:00	07:00	32	2000	SGD	2025-03-28 15:44:10.078	2025-03-28 15:55:04.169
14	225532707686_2025-05-11T07:30	2025-05-11	07:30	07:30	32	2000	SGD	2025-03-28 15:44:10.482	2025-03-28 15:55:04.594
14	225532707686_2025-05-11T08:00	2025-05-11	08:00	08:00	32	2000	SGD	2025-03-28 15:44:10.956	2025-03-28 15:55:05.02
14	225532707686_2025-05-13T04:00	2025-05-13	04:00	04:00	32	2000	SGD	2025-03-28 15:44:11.367	2025-03-28 15:55:05.43
14	225532707686_2025-05-13T04:30	2025-05-13	04:30	04:30	32	2000	SGD	2025-03-28 15:44:11.637	2025-03-28 15:55:05.714
14	225532707686_2025-05-13T05:00	2025-05-13	05:00	05:00	32	2000	SGD	2025-03-28 15:44:12.031	2025-03-28 15:55:06.13
14	225532707686_2025-05-13T05:30	2025-05-13	05:30	05:30	32	2000	SGD	2025-03-28 15:44:12.448	2025-03-28 15:55:06.561
14	225532707686_2025-05-13T06:00	2025-05-13	06:00	06:00	32	2000	SGD	2025-03-28 15:44:12.695	2025-03-28 15:55:06.849
14	225532707686_2025-05-13T06:30	2025-05-13	06:30	06:30	32	2000	SGD	2025-03-28 15:44:13.266	2025-03-28 15:55:07.288
14	225532707686_2025-05-13T07:00	2025-05-13	07:00	07:00	32	2000	SGD	2025-03-28 15:44:13.869	2025-03-28 15:55:07.705
14	225532707686_2025-05-13T07:30	2025-05-13	07:30	07:30	32	2000	SGD	2025-03-28 15:44:14.639	2025-03-28 15:55:08.124
15	225532707687_2025-05-11T00:00	2025-05-11	00:00	00:00	122	170	SGD	2025-03-28 15:44:15.834	2025-03-28 15:55:08.968
14	225532707686_2025-05-15T04:00	2025-05-15	04:00	04:00	32	2000	SGD	2025-03-28 15:44:31.716	2025-03-28 15:55:24.859
14	225532707686_2025-05-15T04:30	2025-05-15	04:30	04:30	32	2000	SGD	2025-03-28 15:44:32.109	2025-03-28 15:55:25.265
14	225532707686_2025-05-15T05:00	2025-05-15	05:00	05:00	32	2000	SGD	2025-03-28 15:44:32.523	2025-03-28 15:55:25.683
14	225532707686_2025-05-15T05:30	2025-05-15	05:30	05:30	32	2000	SGD	2025-03-28 15:44:32.919	2025-03-28 15:55:26.096
14	225532707686_2025-05-15T06:00	2025-05-15	06:00	06:00	32	2000	SGD	2025-03-28 15:44:33.318	2025-03-28 15:55:26.625
14	225532707686_2025-05-15T06:30	2025-05-15	06:30	06:30	32	2000	SGD	2025-03-28 15:44:33.735	2025-03-28 15:55:27.516
14	225532707686_2025-05-15T07:00	2025-05-15	07:00	07:00	32	2000	SGD	2025-03-28 15:44:34.126	2025-03-28 15:55:28.061
14	225532707686_2025-05-15T07:30	2025-05-15	07:30	07:30	32	2000	SGD	2025-03-28 15:44:34.533	2025-03-28 15:55:28.473
14	225532707686_2025-05-15T08:00	2025-05-15	08:00	08:00	32	2000	SGD	2025-03-28 15:44:34.932	2025-03-28 15:55:28.924
14	225532707686_2025-05-18T04:00	2025-05-18	04:00	04:00	32	2000	SGD	2025-03-28 15:44:50.651	2025-03-28 15:55:44.613
14	225532707686_2025-05-18T04:30	2025-05-18	04:30	04:30	32	2000	SGD	2025-03-28 15:44:51.057	2025-03-28 15:55:45.028
14	225532707686_2025-05-18T05:00	2025-05-18	05:00	05:00	32	2000	SGD	2025-03-28 15:44:51.456	2025-03-28 15:55:45.431
14	225532707686_2025-05-18T05:30	2025-05-18	05:30	05:30	32	2000	SGD	2025-03-28 15:44:51.856	2025-03-28 15:55:45.846
14	225532707686_2025-05-18T06:00	2025-05-18	06:00	06:00	32	2000	SGD	2025-03-28 15:44:52.249	2025-03-28 15:55:46.253
14	225532707686_2025-05-18T06:30	2025-05-18	06:30	06:30	32	2000	SGD	2025-03-28 15:44:52.645	2025-03-28 15:55:46.696
14	225532707686_2025-05-18T07:00	2025-05-18	07:00	07:00	32	2000	SGD	2025-03-28 15:44:53.038	2025-03-28 15:55:47.133
14	225532707686_2025-05-18T07:30	2025-05-18	07:30	07:30	32	2000	SGD	2025-03-28 15:44:53.438	2025-03-28 15:55:47.542
14	225532707686_2025-05-18T08:00	2025-05-18	08:00	08:00	32	2000	SGD	2025-03-28 15:44:53.828	2025-03-28 15:55:47.953
15	225532707687_2025-05-18T00:00	2025-05-18	00:00	00:00	122	170	SGD	2025-03-28 15:44:54.217	2025-03-28 15:55:48.371
14	225532707686_2025-05-20T04:00	2025-05-20	04:00	04:00	32	2000	SGD	2025-03-28 15:45:10.112	2025-03-28 15:56:04.274
14	225532707686_2025-05-20T04:30	2025-05-20	04:30	04:30	32	2000	SGD	2025-03-28 15:45:10.362	2025-03-28 15:56:04.554
14	225532707686_2025-05-20T05:00	2025-05-20	05:00	05:00	32	2000	SGD	2025-03-28 15:45:10.773	2025-03-28 15:56:04.974
14	225532707686_2025-05-20T05:30	2025-05-20	05:30	05:30	32	2000	SGD	2025-03-28 15:45:11.199	2025-03-28 15:56:05.376
14	225532707686_2025-05-20T06:00	2025-05-20	06:00	06:00	32	2000	SGD	2025-03-28 15:45:11.456	2025-03-28 15:56:05.652
14	225532707686_2025-05-20T06:30	2025-05-20	06:30	06:30	32	2000	SGD	2025-03-28 15:45:11.855	2025-03-28 15:56:06.065
14	225532707686_2025-05-20T07:30	2025-05-20	07:30	07:30	32	2000	SGD	2025-03-28 15:45:12.676	2025-03-28 15:56:06.905
14	225532707686_2025-05-20T08:00	2025-05-20	08:00	08:00	32	2000	SGD	2025-03-28 15:45:13.074	2025-03-28 15:56:07.324
14	225532707686_2025-04-01T08:00	2025-04-01	08:00	08:00	32	2000	SGD	2025-03-28 15:38:11.577	2025-03-28 17:11:38.502
14	225532707686_2025-04-06T08:00	2025-04-06	08:00	08:00	32	2000	SGD	2025-03-28 15:40:02.869	2025-03-28 17:12:18.234
14	225532707686_2025-04-13T07:30	2025-04-13	07:30	07:30	32	2000	SGD	2025-03-28 15:40:44.841	2025-03-28 17:13:01.504
15	225532707687_2025-04-13T00:00	2025-04-13	00:00	00:00	122	170	SGD	2025-03-28 15:40:46.065	2025-03-28 17:13:02.429
14	225532707686_2025-04-17T08:00	2025-04-17	08:00	08:00	32	2000	SGD	2025-03-28 15:41:24.471	2025-03-28 17:13:44.394
14	225532707686_2025-04-24T07:30	2025-04-24	07:30	07:30	32	2000	SGD	2025-03-28 15:42:09.303	2025-03-28 17:14:29.103
14	225532707686_2025-03-27T04:00	2025-03-27	04:00	04:00	32	2000	SGD	2025-03-28 15:37:29.126	2025-03-28 17:15:11.451
14	225532707686_2025-03-27T06:00	2025-03-27	06:00	06:00	32	2000	SGD	2025-03-28 15:37:31.477	2025-03-28 17:15:13.296
14	225532707686_2025-05-01T07:00	2025-05-01	07:00	07:00	32	2000	SGD	2025-03-28 15:42:52.25	2025-03-28 15:53:46.483
14	225532707686_2025-05-04T04:00	2025-05-04	04:00	04:00	32	2000	SGD	2025-03-28 15:43:08.914	2025-03-28 15:54:03.1
14	225532707686_2025-05-06T08:00	2025-05-06	08:00	08:00	32	2000	SGD	2025-03-28 15:43:32.556	2025-03-28 15:54:25.955
14	225532707686_2025-05-13T08:00	2025-05-13	08:00	08:00	32	2000	SGD	2025-03-28 15:44:15.422	2025-03-28 15:55:08.534
14	225532707686_2025-05-20T07:00	2025-05-20	07:00	07:00	32	2000	SGD	2025-03-28 15:45:12.267	2025-03-28 15:56:06.479
14	225532707686_2025-05-22T04:00	2025-05-22	04:00	04:00	32	2000	SGD	2025-03-28 15:45:13.47	2025-03-28 15:56:07.731
14	225532707686_2025-05-22T04:30	2025-05-22	04:30	04:30	32	2000	SGD	2025-03-28 15:45:13.866	2025-03-28 15:56:08.499
14	225532707686_2025-05-22T05:00	2025-05-22	05:00	05:00	32	2000	SGD	2025-03-28 15:45:14.267	2025-03-28 15:56:09.081
14	225532707686_2025-05-22T05:30	2025-05-22	05:30	05:30	32	2000	SGD	2025-03-28 15:45:14.676	2025-03-28 15:56:09.485
14	225532707686_2025-05-22T06:00	2025-05-22	06:00	06:00	32	2000	SGD	2025-03-28 15:45:15.084	2025-03-28 15:56:09.899
14	225532707686_2025-05-22T06:30	2025-05-22	06:30	06:30	32	2000	SGD	2025-03-28 15:45:15.494	2025-03-28 15:56:10.305
14	225532707686_2025-05-22T07:00	2025-05-22	07:00	07:00	32	2000	SGD	2025-03-28 15:45:15.892	2025-03-28 15:56:10.719
14	225532707686_2025-05-22T07:30	2025-05-22	07:30	07:30	32	2000	SGD	2025-03-28 15:45:16.301	2025-03-28 15:56:11.131
14	225532707686_2025-05-22T08:00	2025-05-22	08:00	08:00	32	2000	SGD	2025-03-28 15:45:16.685	2025-03-28 15:56:11.548
14	225532707686_2025-05-25T04:00	2025-05-25	04:00	04:00	32	2000	SGD	2025-03-28 15:45:32.531	2025-03-28 15:56:27.254
14	225532707686_2025-05-25T04:30	2025-05-25	04:30	04:30	32	2000	SGD	2025-03-28 15:45:32.937	2025-03-28 15:56:27.667
14	225532707686_2025-05-25T05:00	2025-05-25	05:00	05:00	32	2000	SGD	2025-03-28 15:45:33.336	2025-03-28 15:56:28.074
14	225532707686_2025-05-25T05:30	2025-05-25	05:30	05:30	32	2000	SGD	2025-03-28 15:45:33.766	2025-03-28 15:56:28.488
14	225532707686_2025-05-25T06:00	2025-05-25	06:00	06:00	32	2000	SGD	2025-03-28 15:45:34.175	2025-03-28 15:56:28.905
14	225532707686_2025-05-25T06:30	2025-05-25	06:30	06:30	32	2000	SGD	2025-03-28 15:45:34.578	2025-03-28 15:56:29.322
14	225532707686_2025-05-25T07:00	2025-05-25	07:00	07:00	32	2000	SGD	2025-03-28 15:45:34.98	2025-03-28 15:56:29.736
14	225532707686_2025-05-25T07:30	2025-05-25	07:30	07:30	32	2000	SGD	2025-03-28 15:45:35.377	2025-03-28 15:56:30.148
14	225532707686_2025-05-25T08:00	2025-05-25	08:00	08:00	32	2000	SGD	2025-03-28 15:45:35.784	2025-03-28 15:56:30.724
15	225532707687_2025-05-25T00:00	2025-05-25	00:00	00:00	122	170	SGD	2025-03-28 15:45:36.208	2025-03-28 15:56:31.511
14	225532707686_2025-03-27T06:30	2025-03-27	06:30	06:30	32	2000	SGD	2025-03-28 15:37:31.872	2025-03-28 17:15:13.75
14	225532707686_2025-03-27T07:00	2025-03-27	07:00	07:00	32	2000	SGD	2025-03-28 15:37:32.293	2025-03-28 17:15:14.561
14	225532707686_2025-03-27T07:30	2025-03-27	07:30	07:30	32	2000	SGD	2025-03-28 15:37:32.691	2025-03-28 17:15:15.134
14	225532707686_2025-03-27T08:00	2025-03-27	08:00	08:00	32	2000	SGD	2025-03-28 15:37:33.621	2025-03-28 17:15:15.591
\.


--
-- TOC entry 3382 (class 0 OID 29560)
-- Dependencies: 215
-- Data for Name: passenger_types; Type: TABLE DATA; Schema: public; Owner: postgres
--

COPY public.passenger_types (type, name, description) FROM stdin;
ADULT_12~99	Adult	12-99 years
CHILD_3~11	Child	3-11 years
CHILD_5~15	Child	5-15 years
INFANT_0~4	Infant	0-4 years
\.


--
-- TOC entry 3387 (class 0 OID 29585)
-- Dependencies: 220
-- Data for Name: pax_availability; Type: TABLE DATA; Schema: public; Owner: postgres
--

COPY public.pax_availability (id, product_id, slot_id, pax_type, min, max, remaining, is_primary, price_id) FROM stdin;
72	14	225532707686_2025-04-03T08:00	ADULT_12~99	1	20	1000	t	1
73	14	225532707686_2025-04-03T08:00	CHILD_3~11	1	20	1000	f	2
24	14	225532707686_2025-03-30T05:00	CHILD_3~11	1	20	1000	f	2
43	14	225532707686_2025-04-01T06:00	ADULT_12~99	1	20	1000	t	1
36	14	225532707686_2025-03-30T08:00	CHILD_3~11	1	20	1000	f	2
74	14	225532707686_2025-04-06T04:00	ADULT_12~99	1	20	1000	t	1
25	14	225532707686_2025-03-30T05:30	ADULT_12~99	1	20	1000	t	3
50	14	225532707686_2025-04-01T07:30	CHILD_3~11	1	20	1000	f	4
26	14	225532707686_2025-03-30T05:30	CHILD_3~11	1	20	1000	f	4
51	14	225532707686_2025-04-01T08:00	ADULT_12~99	1	20	1000	t	1
58	14	225532707686_2025-04-03T04:30	ADULT_12~99	1	20	1000	t	3
29	14	225532707686_2025-03-30T06:30	ADULT_12~99	1	20	1000	t	3
59	14	225532707686_2025-04-03T04:30	CHILD_3~11	1	20	1000	f	4
37	14	225532707686_2025-04-01T04:00	ADULT_12~99	1	20	1000	t	1
38	14	225532707686_2025-04-01T04:30	ADULT_12~99	1	20	1000	t	3
75	14	225532707686_2025-04-06T04:00	CHILD_3~11	1	20	1000	f	2
2	14	225532707686_2025-03-27T04:00	CHILD_3~11	1	20	1000	f	2
44	14	225532707686_2025-04-01T06:00	CHILD_3~11	1	20	1000	f	2
3	14	225532707686_2025-03-27T04:30	ADULT_12~99	1	20	1000	t	3
45	14	225532707686_2025-04-01T06:30	ADULT_12~99	1	20	1000	t	3
4	14	225532707686_2025-03-27T04:30	CHILD_3~11	1	20	1000	f	4
46	14	225532707686_2025-04-01T06:30	CHILD_3~11	1	20	1000	f	4
30	14	225532707686_2025-03-30T06:30	CHILD_3~11	1	20	1000	f	4
47	14	225532707686_2025-04-01T07:00	ADULT_12~99	1	20	1000	t	1
52	14	225532707686_2025-04-01T08:00	CHILD_3~11	1	20	1000	f	2
60	14	225532707686_2025-04-03T05:00	ADULT_12~99	1	20	1000	t	1
61	14	225532707686_2025-04-03T05:00	CHILD_3~11	1	20	1000	f	2
62	14	225532707686_2025-04-03T05:30	ADULT_12~99	1	20	1000	t	3
63	14	225532707686_2025-04-03T05:30	CHILD_3~11	1	20	1000	f	4
19	14	225532707686_2025-03-30T04:00	ADULT_12~99	1	20	1000	t	1
20	14	225532707686_2025-03-30T04:00	CHILD_3~11	1	20	1000	f	2
21	14	225532707686_2025-03-30T04:30	ADULT_12~99	1	20	1000	t	3
22	14	225532707686_2025-03-30T04:30	CHILD_3~11	1	20	1000	f	4
23	14	225532707686_2025-03-30T05:00	ADULT_12~99	1	20	1000	t	1
65	14	225532707686_2025-04-03T06:00	CHILD_3~11	1	20	1000	f	2
76	14	225532707686_2025-04-06T04:30	ADULT_12~99	1	20	1000	t	3
66	14	225532707686_2025-04-03T06:30	ADULT_12~99	1	20	1000	t	3
48	14	225532707686_2025-04-01T07:00	CHILD_3~11	1	20	1000	f	2
77	14	225532707686_2025-04-06T04:30	CHILD_3~11	1	20	1000	f	4
49	14	225532707686_2025-04-01T07:30	ADULT_12~99	1	20	1000	t	3
39	14	225532707686_2025-04-01T04:30	CHILD_3~11	1	20	1000	f	4
27	14	225532707686_2025-03-30T06:00	ADULT_12~99	1	20	1000	t	1
40	14	225532707686_2025-04-01T05:00	ADULT_12~99	1	20	1000	t	1
53	15	225532707687_2025-03-30T00:00	ADULT_12~99	1	20	150	t	5
28	14	225532707686_2025-03-30T06:00	CHILD_3~11	1	20	1000	f	2
41	14	225532707686_2025-04-01T05:00	CHILD_3~11	1	20	1000	f	2
54	15	225532707687_2025-03-30T00:00	CHILD_5~15	1	20	10	f	6
56	14	225532707686_2025-04-03T04:00	ADULT_12~99	1	20	1000	t	1
31	14	225532707686_2025-03-30T07:00	ADULT_12~99	1	20	1000	t	1
57	14	225532707686_2025-04-03T04:00	CHILD_3~11	1	20	1000	f	2
67	14	225532707686_2025-04-03T06:30	CHILD_3~11	1	20	1000	f	4
68	14	225532707686_2025-04-03T07:00	ADULT_12~99	1	20	1000	t	1
42	14	225532707686_2025-04-01T05:30	ADULT_12~99	1	20	1000	t	3
32	14	225532707686_2025-03-30T07:00	CHILD_3~11	1	20	1000	f	2
33	14	225532707686_2025-03-30T07:30	ADULT_12~99	1	20	1000	t	3
34	14	225532707686_2025-03-30T07:30	CHILD_3~11	1	20	1000	f	4
78	14	225532707686_2025-04-06T05:00	ADULT_12~99	1	20	1000	t	1
64	14	225532707686_2025-04-03T06:00	ADULT_12~99	1	20	1000	t	1
5	14	225532707686_2025-03-27T05:00	ADULT_12~99	1	20	1000	t	1
69	14	225532707686_2025-04-03T07:00	CHILD_3~11	1	20	1000	f	2
35	14	225532707686_2025-03-30T08:00	ADULT_12~99	1	20	1000	t	1
70	14	225532707686_2025-04-03T07:30	ADULT_12~99	1	20	1000	t	3
71	14	225532707686_2025-04-03T07:30	CHILD_3~11	1	20	1000	f	4
86	14	225532707686_2025-04-06T07:00	ADULT_12~99	1	20	1000	t	1
87	14	225532707686_2025-04-06T07:00	CHILD_3~11	1	20	1000	f	2
88	14	225532707686_2025-04-06T07:30	ADULT_12~99	1	20	1000	t	3
89	14	225532707686_2025-04-06T07:30	CHILD_3~11	1	20	1000	f	4
90	14	225532707686_2025-04-06T08:00	ADULT_12~99	1	20	1000	t	1
91	14	225532707686_2025-04-06T08:00	CHILD_3~11	1	20	1000	f	2
92	15	225532707687_2025-04-06T00:00	ADULT_12~99	1	20	150	t	5
93	15	225532707687_2025-04-06T00:00	CHILD_5~15	1	20	10	f	6
94	15	225532707687_2025-04-06T00:00	INFANT_0~4	1	20	10	f	7
95	14	225532707686_2025-04-08T04:00	ADULT_12~99	1	20	1000	t	1
96	14	225532707686_2025-04-08T04:30	ADULT_12~99	1	20	1000	t	3
98	14	225532707686_2025-04-08T05:00	ADULT_12~99	1	20	1000	t	1
99	14	225532707686_2025-04-08T05:00	CHILD_3~11	1	20	1000	f	2
100	14	225532707686_2025-04-08T05:30	ADULT_12~99	1	20	1000	t	3
101	14	225532707686_2025-04-08T06:00	ADULT_12~99	1	20	1000	t	1
102	14	225532707686_2025-04-08T06:00	CHILD_3~11	1	20	1000	f	2
103	14	225532707686_2025-04-08T06:30	ADULT_12~99	1	20	1000	t	3
104	14	225532707686_2025-04-08T06:30	CHILD_3~11	1	20	1000	f	4
105	14	225532707686_2025-04-08T07:00	ADULT_12~99	1	20	1000	t	1
106	14	225532707686_2025-04-08T07:00	CHILD_3~11	1	20	1000	f	2
107	14	225532707686_2025-04-08T07:30	ADULT_12~99	1	20	1000	t	3
108	14	225532707686_2025-04-08T07:30	CHILD_3~11	1	20	1000	f	4
109	14	225532707686_2025-04-08T08:00	ADULT_12~99	1	20	1000	t	1
110	14	225532707686_2025-04-08T08:00	CHILD_3~11	1	20	1000	f	2
111	14	225532707686_2025-04-10T04:00	ADULT_12~99	1	20	1000	t	1
112	14	225532707686_2025-04-10T04:00	CHILD_3~11	1	20	1000	f	2
113	14	225532707686_2025-04-10T04:30	ADULT_12~99	1	20	1000	t	3
114	14	225532707686_2025-04-10T04:30	CHILD_3~11	1	20	1000	f	4
115	14	225532707686_2025-04-10T05:00	ADULT_12~99	1	20	1000	t	1
116	14	225532707686_2025-04-10T05:00	CHILD_3~11	1	20	1000	f	2
117	14	225532707686_2025-04-10T05:30	ADULT_12~99	1	20	1000	t	3
118	14	225532707686_2025-04-10T05:30	CHILD_3~11	1	20	1000	f	4
119	14	225532707686_2025-04-10T06:00	ADULT_12~99	1	20	1000	t	1
120	14	225532707686_2025-04-10T06:00	CHILD_3~11	1	20	1000	f	2
121	14	225532707686_2025-04-10T06:30	ADULT_12~99	1	20	1000	t	3
123	14	225532707686_2025-04-10T07:00	ADULT_12~99	1	20	1000	t	1
124	14	225532707686_2025-04-10T07:00	CHILD_3~11	1	20	1000	f	2
125	14	225532707686_2025-04-10T07:30	ADULT_12~99	1	20	1000	t	3
126	14	225532707686_2025-04-10T07:30	CHILD_3~11	1	20	1000	f	4
127	14	225532707686_2025-04-10T08:00	ADULT_12~99	1	20	1000	t	1
128	14	225532707686_2025-04-10T08:00	CHILD_3~11	1	20	1000	f	2
129	14	225532707686_2025-04-13T04:00	ADULT_12~99	1	20	1000	t	1
130	14	225532707686_2025-04-13T04:00	CHILD_3~11	1	20	1000	f	2
131	14	225532707686_2025-04-13T04:30	ADULT_12~99	1	20	1000	t	3
132	14	225532707686_2025-04-13T04:30	CHILD_3~11	1	20	1000	f	4
133	14	225532707686_2025-04-13T05:00	ADULT_12~99	1	20	1000	t	1
134	14	225532707686_2025-04-13T05:00	CHILD_3~11	1	20	1000	f	2
85	14	225532707686_2025-04-06T06:30	CHILD_3~11	1	20	1000	f	4
135	14	225532707686_2025-04-13T05:30	ADULT_12~99	1	20	1000	t	3
136	14	225532707686_2025-04-13T05:30	CHILD_3~11	1	20	1000	f	4
137	14	225532707686_2025-04-13T06:00	ADULT_12~99	1	20	1000	t	1
138	14	225532707686_2025-04-13T06:00	CHILD_3~11	1	20	1000	f	2
139	14	225532707686_2025-04-13T06:30	ADULT_12~99	1	20	1000	t	3
140	14	225532707686_2025-04-13T06:30	CHILD_3~11	1	20	1000	f	4
141	14	225532707686_2025-04-13T07:00	ADULT_12~99	1	20	1000	t	1
142	14	225532707686_2025-04-13T07:00	CHILD_3~11	1	20	1000	f	2
143	14	225532707686_2025-04-13T07:30	ADULT_12~99	1	20	1000	t	3
144	14	225532707686_2025-04-13T07:30	CHILD_3~11	1	20	1000	f	4
145	14	225532707686_2025-04-13T08:00	ADULT_12~99	1	20	1000	t	1
146	14	225532707686_2025-04-13T08:00	CHILD_3~11	1	20	1000	f	2
148	15	225532707687_2025-04-13T00:00	CHILD_5~15	1	20	10	f	6
149	15	225532707687_2025-04-13T00:00	INFANT_0~4	1	20	10	f	7
150	14	225532707686_2025-04-15T04:00	ADULT_12~99	1	20	1000	t	1
151	14	225532707686_2025-04-15T04:30	ADULT_12~99	1	20	1000	t	3
152	14	225532707686_2025-04-15T04:30	CHILD_3~11	1	20	1000	f	4
82	14	225532707686_2025-04-06T06:00	ADULT_12~99	1	20	1000	t	1
153	14	225532707686_2025-04-15T05:00	ADULT_12~99	1	20	1000	t	1
154	14	225532707686_2025-04-15T05:00	CHILD_3~11	1	20	1000	f	2
155	14	225532707686_2025-04-15T05:30	ADULT_12~99	1	20	1000	t	3
156	14	225532707686_2025-04-15T06:00	ADULT_12~99	1	20	1000	t	1
157	14	225532707686_2025-04-15T06:00	CHILD_3~11	1	20	1000	f	2
158	14	225532707686_2025-04-15T06:30	ADULT_12~99	1	20	1000	t	3
159	14	225532707686_2025-04-15T06:30	CHILD_3~11	1	20	1000	f	4
80	14	225532707686_2025-04-06T05:30	ADULT_12~99	1	20	1000	t	3
81	14	225532707686_2025-04-06T05:30	CHILD_3~11	1	20	1000	f	4
83	14	225532707686_2025-04-06T06:00	CHILD_3~11	1	20	1000	f	2
84	14	225532707686_2025-04-06T06:30	ADULT_12~99	1	20	1000	t	3
165	14	225532707686_2025-04-15T08:00	CHILD_3~11	1	20	1000	f	2
166	14	225532707686_2025-04-17T04:00	ADULT_12~99	1	20	1000	t	1
167	14	225532707686_2025-04-17T04:00	CHILD_3~11	1	20	1000	f	2
168	14	225532707686_2025-04-17T04:30	ADULT_12~99	1	20	1000	t	3
163	14	225532707686_2025-04-15T07:30	CHILD_3~11	1	20	1000	f	4
169	14	225532707686_2025-04-17T04:30	CHILD_3~11	1	20	1000	f	4
170	14	225532707686_2025-04-17T05:00	ADULT_12~99	1	20	1000	t	1
171	14	225532707686_2025-04-17T05:00	CHILD_3~11	1	20	1000	f	2
172	14	225532707686_2025-04-17T05:30	ADULT_12~99	1	20	1000	t	3
173	14	225532707686_2025-04-17T05:30	CHILD_3~11	1	20	1000	f	4
174	14	225532707686_2025-04-17T06:00	ADULT_12~99	1	20	1000	t	1
175	14	225532707686_2025-04-17T06:00	CHILD_3~11	1	20	1000	f	2
176	14	225532707686_2025-04-17T06:30	ADULT_12~99	1	20	1000	t	3
177	14	225532707686_2025-04-17T06:30	CHILD_3~11	1	20	1000	f	4
179	14	225532707686_2025-04-17T07:00	CHILD_3~11	1	20	1000	f	2
180	14	225532707686_2025-04-17T07:30	ADULT_12~99	1	20	1000	t	3
181	14	225532707686_2025-04-17T07:30	CHILD_3~11	1	20	1000	f	4
182	14	225532707686_2025-04-17T08:00	ADULT_12~99	1	20	1000	t	1
183	14	225532707686_2025-04-17T08:00	CHILD_3~11	1	20	1000	f	2
184	14	225532707686_2025-04-20T04:00	ADULT_12~99	1	20	1000	t	1
185	14	225532707686_2025-04-20T04:00	CHILD_3~11	1	20	1000	f	2
186	14	225532707686_2025-04-20T04:30	ADULT_12~99	1	20	1000	t	3
187	14	225532707686_2025-04-20T04:30	CHILD_3~11	1	20	1000	f	4
188	14	225532707686_2025-04-20T05:00	ADULT_12~99	1	20	1000	t	1
189	14	225532707686_2025-04-20T05:00	CHILD_3~11	1	20	1000	f	2
190	14	225532707686_2025-04-20T05:30	ADULT_12~99	1	20	1000	t	3
191	14	225532707686_2025-04-20T05:30	CHILD_3~11	1	20	1000	f	4
192	14	225532707686_2025-04-20T06:00	ADULT_12~99	1	20	1000	t	1
193	14	225532707686_2025-04-20T06:00	CHILD_3~11	1	20	1000	f	2
194	14	225532707686_2025-04-20T06:30	ADULT_12~99	1	20	1000	t	3
195	14	225532707686_2025-04-20T06:30	CHILD_3~11	1	20	1000	f	4
196	14	225532707686_2025-04-20T07:00	ADULT_12~99	1	20	1000	t	1
197	14	225532707686_2025-04-20T07:00	CHILD_3~11	1	20	1000	f	2
198	14	225532707686_2025-04-20T07:30	ADULT_12~99	1	20	1000	t	3
199	14	225532707686_2025-04-20T07:30	CHILD_3~11	1	20	1000	f	4
200	14	225532707686_2025-04-20T08:00	ADULT_12~99	1	20	1000	t	1
201	14	225532707686_2025-04-20T08:00	CHILD_3~11	1	20	1000	f	2
202	14	225532707686_2025-04-22T04:00	ADULT_12~99	1	20	1000	t	1
204	14	225532707686_2025-04-22T04:30	CHILD_3~11	1	20	1000	f	4
205	14	225532707686_2025-04-22T05:00	ADULT_12~99	1	20	1000	t	1
206	14	225532707686_2025-04-22T05:00	CHILD_3~11	1	20	1000	f	2
207	14	225532707686_2025-04-22T05:30	ADULT_12~99	1	20	1000	t	3
208	14	225532707686_2025-04-22T06:00	ADULT_12~99	1	20	1000	t	1
209	14	225532707686_2025-04-22T06:00	CHILD_3~11	1	20	1000	f	2
210	14	225532707686_2025-04-22T06:30	ADULT_12~99	1	20	1000	t	3
211	14	225532707686_2025-04-22T06:30	CHILD_3~11	1	20	1000	f	4
212	14	225532707686_2025-04-22T07:00	ADULT_12~99	1	20	1000	t	1
213	14	225532707686_2025-04-22T07:00	CHILD_3~11	1	20	1000	f	2
214	14	225532707686_2025-04-22T07:30	ADULT_12~99	1	20	1000	t	3
215	14	225532707686_2025-04-22T07:30	CHILD_3~11	1	20	1000	f	4
216	14	225532707686_2025-04-22T08:00	ADULT_12~99	1	20	1000	t	1
217	14	225532707686_2025-04-22T08:00	CHILD_3~11	1	20	1000	f	2
218	15	225532707687_2025-04-20T00:00	ADULT_12~99	1	20	150	t	5
219	15	225532707687_2025-04-20T00:00	CHILD_5~15	1	20	10	f	6
220	15	225532707687_2025-04-20T00:00	INFANT_0~4	1	20	10	f	7
221	14	225532707686_2025-04-24T04:00	ADULT_12~99	1	20	1000	t	1
222	14	225532707686_2025-04-24T04:00	CHILD_3~11	1	20	1000	f	2
223	14	225532707686_2025-04-24T04:30	ADULT_12~99	1	20	1000	t	3
224	14	225532707686_2025-04-24T04:30	CHILD_3~11	1	20	1000	f	4
225	14	225532707686_2025-04-24T05:00	ADULT_12~99	1	20	1000	t	1
226	14	225532707686_2025-04-24T05:00	CHILD_3~11	1	20	1000	f	2
227	14	225532707686_2025-04-24T05:30	ADULT_12~99	1	20	1000	t	3
229	14	225532707686_2025-04-24T06:00	ADULT_12~99	1	20	1000	t	1
230	14	225532707686_2025-04-24T06:00	CHILD_3~11	1	20	1000	f	2
231	14	225532707686_2025-04-24T06:30	ADULT_12~99	1	20	1000	t	3
232	14	225532707686_2025-04-24T06:30	CHILD_3~11	1	20	1000	f	4
233	14	225532707686_2025-04-24T07:00	ADULT_12~99	1	20	1000	t	1
236	14	225532707686_2025-04-24T07:30	CHILD_3~11	1	20	1000	f	4
234	14	225532707686_2025-04-24T07:00	CHILD_3~11	1	20	1000	f	2
235	14	225532707686_2025-04-24T07:30	ADULT_12~99	1	20	1000	t	3
237	14	225532707686_2025-04-24T08:00	ADULT_12~99	1	20	1000	t	1
238	14	225532707686_2025-04-24T08:00	CHILD_3~11	1	20	1000	f	2
161	14	225532707686_2025-04-15T07:00	CHILD_3~11	1	20	1000	f	2
162	14	225532707686_2025-04-15T07:30	ADULT_12~99	1	20	1000	t	3
239	14	225532707686_2025-04-27T04:00	ADULT_12~99	1	20	1000	t	1
240	14	225532707686_2025-04-27T04:00	CHILD_3~11	1	20	1000	f	2
164	14	225532707686_2025-04-15T08:00	ADULT_12~99	1	20	1000	t	1
242	14	225532707686_2025-04-27T04:30	CHILD_3~11	1	20	1000	f	4
243	14	225532707686_2025-04-27T05:00	ADULT_12~99	1	20	1000	t	1
244	14	225532707686_2025-04-27T05:00	CHILD_3~11	1	20	1000	f	2
245	14	225532707686_2025-04-27T05:30	ADULT_12~99	1	20	1000	t	3
246	14	225532707686_2025-04-27T05:30	CHILD_3~11	1	20	1000	f	4
247	14	225532707686_2025-04-27T06:00	ADULT_12~99	1	20	1000	t	1
248	14	225532707686_2025-04-27T06:00	CHILD_3~11	1	20	1000	f	2
249	14	225532707686_2025-04-27T06:30	ADULT_12~99	1	20	1000	t	3
250	14	225532707686_2025-04-27T06:30	CHILD_3~11	1	20	1000	f	4
251	14	225532707686_2025-04-27T07:00	ADULT_12~99	1	20	1000	t	1
252	14	225532707686_2025-04-27T07:00	CHILD_3~11	1	20	1000	f	2
253	14	225532707686_2025-04-27T07:30	ADULT_12~99	1	20	1000	t	3
254	14	225532707686_2025-04-27T07:30	CHILD_3~11	1	20	1000	f	4
255	14	225532707686_2025-04-27T08:00	ADULT_12~99	1	20	1000	t	1
256	14	225532707686_2025-04-27T08:00	CHILD_3~11	1	20	1000	f	2
257	15	225532707687_2025-04-27T00:00	ADULT_12~99	1	20	150	t	5
258	15	225532707687_2025-04-27T00:00	CHILD_5~15	1	20	10	f	6
260	14	225532707686_2025-04-29T04:00	ADULT_12~99	1	20	1000	t	1
261	14	225532707686_2025-04-29T04:30	ADULT_12~99	1	20	1000	t	3
262	14	225532707686_2025-04-29T04:30	CHILD_3~11	1	20	1000	f	4
263	14	225532707686_2025-04-29T05:00	ADULT_12~99	1	20	1000	t	1
264	14	225532707686_2025-04-29T05:00	CHILD_3~11	1	20	1000	f	2
265	14	225532707686_2025-04-29T05:30	ADULT_12~99	1	20	1000	t	3
266	14	225532707686_2025-04-29T06:00	ADULT_12~99	1	20	1000	t	1
267	14	225532707686_2025-04-29T06:00	CHILD_3~11	1	20	1000	f	2
268	14	225532707686_2025-04-29T06:30	ADULT_12~99	1	20	1000	t	3
269	14	225532707686_2025-04-29T06:30	CHILD_3~11	1	20	1000	f	4
270	14	225532707686_2025-04-29T07:00	ADULT_12~99	1	20	1000	t	1
271	14	225532707686_2025-04-29T07:00	CHILD_3~11	1	20	1000	f	2
272	14	225532707686_2025-04-29T07:30	ADULT_12~99	1	20	1000	t	3
273	14	225532707686_2025-04-29T07:30	CHILD_3~11	1	20	1000	f	4
274	14	225532707686_2025-04-29T08:00	ADULT_12~99	1	20	1000	t	1
275	14	225532707686_2025-04-29T08:00	CHILD_3~11	1	20	1000	f	2
276	14	225532707686_2025-05-01T04:00	ADULT_12~99	1	20	1000	t	1
277	14	225532707686_2025-05-01T04:00	CHILD_3~11	1	20	1000	f	2
278	14	225532707686_2025-05-01T04:30	ADULT_12~99	1	20	1000	t	3
279	14	225532707686_2025-05-01T04:30	CHILD_3~11	1	20	1000	f	4
280	14	225532707686_2025-05-01T05:00	ADULT_12~99	1	20	1000	t	1
281	14	225532707686_2025-05-01T05:00	CHILD_3~11	1	20	1000	f	2
282	14	225532707686_2025-05-01T05:30	ADULT_12~99	1	20	1000	t	3
283	14	225532707686_2025-05-01T05:30	CHILD_3~11	1	20	1000	f	4
285	14	225532707686_2025-05-01T06:00	CHILD_3~11	1	20	1000	f	2
286	14	225532707686_2025-05-01T06:30	ADULT_12~99	1	20	1000	t	3
287	14	225532707686_2025-05-01T06:30	CHILD_3~11	1	20	1000	f	4
288	14	225532707686_2025-05-01T07:00	ADULT_12~99	1	20	1000	t	1
289	14	225532707686_2025-05-01T07:00	CHILD_3~11	1	20	1000	f	2
290	14	225532707686_2025-05-01T07:30	ADULT_12~99	1	20	1000	t	3
291	14	225532707686_2025-05-01T07:30	CHILD_3~11	1	20	1000	f	4
292	14	225532707686_2025-05-01T08:00	ADULT_12~99	1	20	1000	t	1
293	14	225532707686_2025-05-01T08:00	CHILD_3~11	1	20	1000	f	2
294	14	225532707686_2025-05-04T04:00	ADULT_12~99	1	20	1000	t	1
295	14	225532707686_2025-05-04T04:00	CHILD_3~11	1	20	1000	f	2
296	14	225532707686_2025-05-04T04:30	ADULT_12~99	1	20	1000	t	3
297	14	225532707686_2025-05-04T04:30	CHILD_3~11	1	20	1000	f	4
298	14	225532707686_2025-05-04T05:00	ADULT_12~99	1	20	1000	t	1
299	14	225532707686_2025-05-04T05:00	CHILD_3~11	1	20	1000	f	2
300	14	225532707686_2025-05-04T05:30	ADULT_12~99	1	20	1000	t	3
301	14	225532707686_2025-05-04T05:30	CHILD_3~11	1	20	1000	f	4
302	14	225532707686_2025-05-04T06:00	ADULT_12~99	1	20	1000	t	1
303	14	225532707686_2025-05-04T06:00	CHILD_3~11	1	20	1000	f	2
304	14	225532707686_2025-05-04T06:30	ADULT_12~99	1	20	1000	t	3
305	14	225532707686_2025-05-04T06:30	CHILD_3~11	1	20	1000	f	4
306	14	225532707686_2025-05-04T07:00	ADULT_12~99	1	20	1000	t	1
307	14	225532707686_2025-05-04T07:00	CHILD_3~11	1	20	1000	f	2
308	14	225532707686_2025-05-04T07:30	ADULT_12~99	1	20	1000	t	3
310	14	225532707686_2025-05-04T08:00	ADULT_12~99	1	20	1000	t	1
311	14	225532707686_2025-05-04T08:00	CHILD_3~11	1	20	1000	f	2
312	15	225532707687_2025-05-04T00:00	ADULT_12~99	1	20	150	t	5
313	15	225532707687_2025-05-04T00:00	CHILD_5~15	1	20	10	f	6
314	15	225532707687_2025-05-04T00:00	INFANT_0~4	1	20	10	f	7
315	14	225532707686_2025-05-06T04:00	ADULT_12~99	1	20	1000	t	1
316	14	225532707686_2025-05-06T04:30	ADULT_12~99	1	20	1000	t	3
317	14	225532707686_2025-05-06T04:30	CHILD_3~11	1	20	1000	f	4
318	14	225532707686_2025-05-06T05:00	ADULT_12~99	1	20	1000	t	1
319	14	225532707686_2025-05-06T05:00	CHILD_3~11	1	20	1000	f	2
320	14	225532707686_2025-05-06T05:30	ADULT_12~99	1	20	1000	t	3
321	14	225532707686_2025-05-06T06:00	ADULT_12~99	1	20	1000	t	1
323	14	225532707686_2025-05-06T06:30	ADULT_12~99	1	20	1000	t	3
324	14	225532707686_2025-05-06T06:30	CHILD_3~11	1	20	1000	f	4
325	14	225532707686_2025-05-06T07:00	ADULT_12~99	1	20	1000	t	1
326	14	225532707686_2025-05-06T07:00	CHILD_3~11	1	20	1000	f	2
327	14	225532707686_2025-05-06T07:30	ADULT_12~99	1	20	1000	t	3
328	14	225532707686_2025-05-06T07:30	CHILD_3~11	1	20	1000	f	4
329	14	225532707686_2025-05-06T08:00	ADULT_12~99	1	20	1000	t	1
330	14	225532707686_2025-05-06T08:00	CHILD_3~11	1	20	1000	f	2
331	14	225532707686_2025-05-08T04:00	ADULT_12~99	1	20	1000	t	1
332	14	225532707686_2025-05-08T04:00	CHILD_3~11	1	20	1000	f	2
333	14	225532707686_2025-05-08T04:30	ADULT_12~99	1	20	1000	t	3
334	14	225532707686_2025-05-08T04:30	CHILD_3~11	1	20	1000	f	4
335	14	225532707686_2025-05-08T05:00	ADULT_12~99	1	20	1000	t	1
336	14	225532707686_2025-05-08T05:00	CHILD_3~11	1	20	1000	f	2
337	14	225532707686_2025-05-08T05:30	ADULT_12~99	1	20	1000	t	3
338	14	225532707686_2025-05-08T05:30	CHILD_3~11	1	20	1000	f	4
339	14	225532707686_2025-05-08T06:00	ADULT_12~99	1	20	1000	t	1
341	14	225532707686_2025-05-08T06:30	ADULT_12~99	1	20	1000	t	3
342	14	225532707686_2025-05-08T06:30	CHILD_3~11	1	20	1000	f	4
343	14	225532707686_2025-05-08T07:00	ADULT_12~99	1	20	1000	t	1
344	14	225532707686_2025-05-08T07:00	CHILD_3~11	1	20	1000	f	2
345	14	225532707686_2025-05-08T07:30	ADULT_12~99	1	20	1000	t	3
346	14	225532707686_2025-05-08T07:30	CHILD_3~11	1	20	1000	f	4
347	14	225532707686_2025-05-08T08:00	ADULT_12~99	1	20	1000	t	1
348	14	225532707686_2025-05-08T08:00	CHILD_3~11	1	20	1000	f	2
349	14	225532707686_2025-05-11T04:00	ADULT_12~99	1	20	1000	t	1
350	14	225532707686_2025-05-11T04:00	CHILD_3~11	1	20	1000	f	2
351	14	225532707686_2025-05-11T04:30	ADULT_12~99	1	20	1000	t	3
352	14	225532707686_2025-05-11T04:30	CHILD_3~11	1	20	1000	f	4
353	14	225532707686_2025-05-11T05:00	ADULT_12~99	1	20	1000	t	1
354	14	225532707686_2025-05-11T05:00	CHILD_3~11	1	20	1000	f	2
355	14	225532707686_2025-05-11T05:30	ADULT_12~99	1	20	1000	t	3
356	14	225532707686_2025-05-11T05:30	CHILD_3~11	1	20	1000	f	4
357	14	225532707686_2025-05-11T06:00	ADULT_12~99	1	20	1000	t	1
358	14	225532707686_2025-05-11T06:00	CHILD_3~11	1	20	1000	f	2
359	14	225532707686_2025-05-11T06:30	ADULT_12~99	1	20	1000	t	3
360	14	225532707686_2025-05-11T06:30	CHILD_3~11	1	20	1000	f	4
361	14	225532707686_2025-05-11T07:00	ADULT_12~99	1	20	1000	t	1
362	14	225532707686_2025-05-11T07:00	CHILD_3~11	1	20	1000	f	2
363	14	225532707686_2025-05-11T07:30	ADULT_12~99	1	20	1000	t	3
364	14	225532707686_2025-05-11T07:30	CHILD_3~11	1	20	1000	f	4
366	14	225532707686_2025-05-11T08:00	CHILD_3~11	1	20	1000	f	2
367	14	225532707686_2025-05-13T04:00	ADULT_12~99	1	20	1000	t	1
368	14	225532707686_2025-05-13T04:30	ADULT_12~99	1	20	1000	t	3
369	14	225532707686_2025-05-13T04:30	CHILD_3~11	1	20	1000	f	4
370	14	225532707686_2025-05-13T05:00	ADULT_12~99	1	20	1000	t	1
371	14	225532707686_2025-05-13T05:00	CHILD_3~11	1	20	1000	f	2
372	14	225532707686_2025-05-13T05:30	ADULT_12~99	1	20	1000	t	3
373	14	225532707686_2025-05-13T06:00	ADULT_12~99	1	20	1000	t	1
374	14	225532707686_2025-05-13T06:00	CHILD_3~11	1	20	1000	f	2
375	14	225532707686_2025-05-13T06:30	ADULT_12~99	1	20	1000	t	3
376	14	225532707686_2025-05-13T06:30	CHILD_3~11	1	20	1000	f	4
377	14	225532707686_2025-05-13T07:00	ADULT_12~99	1	20	1000	t	1
378	14	225532707686_2025-05-13T07:00	CHILD_3~11	1	20	1000	f	2
379	14	225532707686_2025-05-13T07:30	ADULT_12~99	1	20	1000	t	3
380	14	225532707686_2025-05-13T07:30	CHILD_3~11	1	20	1000	f	4
381	14	225532707686_2025-05-13T08:00	ADULT_12~99	1	20	1000	t	1
382	14	225532707686_2025-05-13T08:00	CHILD_3~11	1	20	1000	f	2
383	15	225532707687_2025-05-11T00:00	ADULT_12~99	1	20	150	t	5
384	15	225532707687_2025-05-11T00:00	CHILD_5~15	1	20	10	f	6
385	15	225532707687_2025-05-11T00:00	INFANT_0~4	1	20	10	f	7
386	14	225532707686_2025-05-15T04:00	ADULT_12~99	1	20	1000	t	1
387	14	225532707686_2025-05-15T04:00	CHILD_3~11	1	20	1000	f	2
388	14	225532707686_2025-05-15T04:30	ADULT_12~99	1	20	1000	t	3
389	14	225532707686_2025-05-15T04:30	CHILD_3~11	1	20	1000	f	4
391	14	225532707686_2025-05-15T05:00	CHILD_3~11	1	20	1000	f	2
392	14	225532707686_2025-05-15T05:30	ADULT_12~99	1	20	1000	t	3
393	14	225532707686_2025-05-15T05:30	CHILD_3~11	1	20	1000	f	4
394	14	225532707686_2025-05-15T06:00	ADULT_12~99	1	20	1000	t	1
395	14	225532707686_2025-05-15T06:00	CHILD_3~11	1	20	1000	f	2
396	14	225532707686_2025-05-15T06:30	ADULT_12~99	1	20	1000	t	3
397	14	225532707686_2025-05-15T06:30	CHILD_3~11	1	20	1000	f	4
398	14	225532707686_2025-05-15T07:00	ADULT_12~99	1	20	1000	t	1
399	14	225532707686_2025-05-15T07:00	CHILD_3~11	1	20	1000	f	2
400	14	225532707686_2025-05-15T07:30	ADULT_12~99	1	20	1000	t	3
401	14	225532707686_2025-05-15T07:30	CHILD_3~11	1	20	1000	f	4
402	14	225532707686_2025-05-15T08:00	ADULT_12~99	1	20	1000	t	1
97	14	225532707686_2025-04-08T04:30	CHILD_3~11	1	20	1000	f	4
122	14	225532707686_2025-04-10T06:30	CHILD_3~11	1	20	1000	f	4
403	14	225532707686_2025-05-15T08:00	CHILD_3~11	1	20	1000	f	2
404	14	225532707686_2025-05-18T04:00	ADULT_12~99	1	20	1000	t	1
405	14	225532707686_2025-05-18T04:00	CHILD_3~11	1	20	1000	f	2
406	14	225532707686_2025-05-18T04:30	ADULT_12~99	1	20	1000	t	3
407	14	225532707686_2025-05-18T04:30	CHILD_3~11	1	20	1000	f	4
408	14	225532707686_2025-05-18T05:00	ADULT_12~99	1	20	1000	t	1
409	14	225532707686_2025-05-18T05:00	CHILD_3~11	1	20	1000	f	2
410	14	225532707686_2025-05-18T05:30	ADULT_12~99	1	20	1000	t	3
411	14	225532707686_2025-05-18T05:30	CHILD_3~11	1	20	1000	f	4
412	14	225532707686_2025-05-18T06:00	ADULT_12~99	1	20	1000	t	1
413	14	225532707686_2025-05-18T06:00	CHILD_3~11	1	20	1000	f	2
414	14	225532707686_2025-05-18T06:30	ADULT_12~99	1	20	1000	t	3
415	14	225532707686_2025-05-18T06:30	CHILD_3~11	1	20	1000	f	4
416	14	225532707686_2025-05-18T07:00	ADULT_12~99	1	20	1000	t	1
418	14	225532707686_2025-05-18T07:30	ADULT_12~99	1	20	1000	t	3
419	14	225532707686_2025-05-18T07:30	CHILD_3~11	1	20	1000	f	4
420	14	225532707686_2025-05-18T08:00	ADULT_12~99	1	20	1000	t	1
421	14	225532707686_2025-05-18T08:00	CHILD_3~11	1	20	1000	f	2
422	15	225532707687_2025-05-18T00:00	ADULT_12~99	1	20	150	t	5
423	15	225532707687_2025-05-18T00:00	CHILD_5~15	1	20	10	f	6
424	15	225532707687_2025-05-18T00:00	INFANT_0~4	1	20	10	f	7
425	14	225532707686_2025-05-20T04:00	ADULT_12~99	1	20	1000	t	1
426	14	225532707686_2025-05-20T04:30	ADULT_12~99	1	20	1000	t	3
427	14	225532707686_2025-05-20T04:30	CHILD_3~11	1	20	1000	f	4
428	14	225532707686_2025-05-20T05:00	ADULT_12~99	1	20	1000	t	1
429	14	225532707686_2025-05-20T05:00	CHILD_3~11	1	20	1000	f	2
430	14	225532707686_2025-05-20T05:30	ADULT_12~99	1	20	1000	t	3
431	14	225532707686_2025-05-20T06:00	ADULT_12~99	1	20	1000	t	1
432	14	225532707686_2025-05-20T06:00	CHILD_3~11	1	20	1000	f	2
433	14	225532707686_2025-05-20T06:30	ADULT_12~99	1	20	1000	t	3
434	14	225532707686_2025-05-20T06:30	CHILD_3~11	1	20	1000	f	4
435	14	225532707686_2025-05-20T07:00	ADULT_12~99	1	20	1000	t	1
436	14	225532707686_2025-05-20T07:00	CHILD_3~11	1	20	1000	f	2
437	14	225532707686_2025-05-20T07:30	ADULT_12~99	1	20	1000	t	3
438	14	225532707686_2025-05-20T07:30	CHILD_3~11	1	20	1000	f	4
439	14	225532707686_2025-05-20T08:00	ADULT_12~99	1	20	1000	t	1
440	14	225532707686_2025-05-20T08:00	CHILD_3~11	1	20	1000	f	2
441	14	225532707686_2025-05-22T04:00	ADULT_12~99	1	20	1000	t	1
443	14	225532707686_2025-05-22T04:30	ADULT_12~99	1	20	1000	t	3
444	14	225532707686_2025-05-22T04:30	CHILD_3~11	1	20	1000	f	4
445	14	225532707686_2025-05-22T05:00	ADULT_12~99	1	20	1000	t	1
446	14	225532707686_2025-05-22T05:00	CHILD_3~11	1	20	1000	f	2
447	14	225532707686_2025-05-22T05:30	ADULT_12~99	1	20	1000	t	3
448	14	225532707686_2025-05-22T05:30	CHILD_3~11	1	20	1000	f	4
449	14	225532707686_2025-05-22T06:00	ADULT_12~99	1	20	1000	t	1
450	14	225532707686_2025-05-22T06:00	CHILD_3~11	1	20	1000	f	2
451	14	225532707686_2025-05-22T06:30	ADULT_12~99	1	20	1000	t	3
452	14	225532707686_2025-05-22T06:30	CHILD_3~11	1	20	1000	f	4
453	14	225532707686_2025-05-22T07:00	ADULT_12~99	1	20	1000	t	1
454	14	225532707686_2025-05-22T07:00	CHILD_3~11	1	20	1000	f	2
455	14	225532707686_2025-05-22T07:30	ADULT_12~99	1	20	1000	t	3
456	14	225532707686_2025-05-22T07:30	CHILD_3~11	1	20	1000	f	4
457	14	225532707686_2025-05-22T08:00	ADULT_12~99	1	20	1000	t	1
458	14	225532707686_2025-05-22T08:00	CHILD_3~11	1	20	1000	f	2
459	14	225532707686_2025-05-25T04:00	ADULT_12~99	1	20	1000	t	1
460	14	225532707686_2025-05-25T04:00	CHILD_3~11	1	20	1000	f	2
461	14	225532707686_2025-05-25T04:30	ADULT_12~99	1	20	1000	t	3
462	14	225532707686_2025-05-25T04:30	CHILD_3~11	1	20	1000	f	4
463	14	225532707686_2025-05-25T05:00	ADULT_12~99	1	20	1000	t	1
464	14	225532707686_2025-05-25T05:00	CHILD_3~11	1	20	1000	f	2
465	14	225532707686_2025-05-25T05:30	ADULT_12~99	1	20	1000	t	3
466	14	225532707686_2025-05-25T05:30	CHILD_3~11	1	20	1000	f	4
468	14	225532707686_2025-05-25T06:00	CHILD_3~11	1	20	1000	f	2
469	14	225532707686_2025-05-25T06:30	ADULT_12~99	1	20	1000	t	3
470	14	225532707686_2025-05-25T06:30	CHILD_3~11	1	20	1000	f	4
471	14	225532707686_2025-05-25T07:00	ADULT_12~99	1	20	1000	t	1
472	14	225532707686_2025-05-25T07:00	CHILD_3~11	1	20	1000	f	2
473	14	225532707686_2025-05-25T07:30	ADULT_12~99	1	20	1000	t	3
474	14	225532707686_2025-05-25T07:30	CHILD_3~11	1	20	1000	f	4
475	14	225532707686_2025-05-25T08:00	ADULT_12~99	1	20	1000	t	1
476	14	225532707686_2025-05-25T08:00	CHILD_3~11	1	20	1000	f	2
477	15	225532707687_2025-05-25T00:00	ADULT_12~99	1	20	150	t	5
478	15	225532707687_2025-05-25T00:00	CHILD_5~15	1	20	10	f	6
479	15	225532707687_2025-05-25T00:00	INFANT_0~4	1	20	10	f	7
79	14	225532707686_2025-04-06T05:00	CHILD_3~11	1	20	1000	f	2
241	14	225532707686_2025-04-27T04:30	ADULT_12~99	1	20	1000	t	3
259	15	225532707687_2025-04-27T00:00	INFANT_0~4	1	20	10	f	7
284	14	225532707686_2025-05-01T06:00	ADULT_12~99	1	20	1000	t	1
309	14	225532707686_2025-05-04T07:30	CHILD_3~11	1	20	1000	f	4
322	14	225532707686_2025-05-06T06:00	CHILD_3~11	1	20	1000	f	2
340	14	225532707686_2025-05-08T06:00	CHILD_3~11	1	20	1000	f	2
365	14	225532707686_2025-05-11T08:00	ADULT_12~99	1	20	1000	t	1
390	14	225532707686_2025-05-15T05:00	ADULT_12~99	1	20	1000	t	1
417	14	225532707686_2025-05-18T07:00	CHILD_3~11	1	20	1000	f	2
442	14	225532707686_2025-05-22T04:00	CHILD_3~11	1	20	1000	f	2
467	14	225532707686_2025-05-25T06:00	ADULT_12~99	1	20	1000	t	1
55	15	225532707687_2025-03-30T00:00	INFANT_0~4	1	20	10	f	7
147	15	225532707687_2025-04-13T00:00	ADULT_12~99	1	20	150	t	5
160	14	225532707686_2025-04-15T07:00	ADULT_12~99	1	20	1000	t	1
178	14	225532707686_2025-04-17T07:00	ADULT_12~99	1	20	1000	t	1
203	14	225532707686_2025-04-22T04:30	ADULT_12~99	1	20	1000	t	3
228	14	225532707686_2025-04-24T05:30	CHILD_3~11	1	20	1000	f	4
1	14	225532707686_2025-03-27T04:00	ADULT_12~99	1	20	1000	t	1
6	14	225532707686_2025-03-27T05:00	CHILD_3~11	1	20	1000	f	2
7	14	225532707686_2025-03-27T05:30	ADULT_12~99	1	20	1000	t	3
8	14	225532707686_2025-03-27T05:30	CHILD_3~11	1	20	1000	f	4
9	14	225532707686_2025-03-27T06:00	ADULT_12~99	1	20	1000	t	1
10	14	225532707686_2025-03-27T06:00	CHILD_3~11	1	20	1000	f	2
11	14	225532707686_2025-03-27T06:30	ADULT_12~99	1	20	1000	t	3
12	14	225532707686_2025-03-27T06:30	CHILD_3~11	1	20	1000	f	4
13	14	225532707686_2025-03-27T07:00	ADULT_12~99	1	20	1000	t	1
14	14	225532707686_2025-03-27T07:00	CHILD_3~11	1	20	1000	f	2
15	14	225532707686_2025-03-27T07:30	ADULT_12~99	1	20	1000	t	3
16	14	225532707686_2025-03-27T07:30	CHILD_3~11	1	20	1000	f	4
17	14	225532707686_2025-03-27T08:00	ADULT_12~99	1	20	1000	t	1
18	14	225532707686_2025-03-27T08:00	CHILD_3~11	1	20	1000	f	2
\.


--
-- TOC entry 3385 (class 0 OID 29577)
-- Dependencies: 218
-- Data for Name: prices; Type: TABLE DATA; Schema: public; Owner: postgres
--

COPY public.prices (id, original_price, discount, final_price, currency_code) FROM stdin;
1	312.14	0	212.14	SGD
2	143	0	43	SGD
3	342.14	0	242.14	SGD
4	173	0	73	SGD
5	441	0	341	SGD
6	237	0	137	SGD
7	0	0	0	SGD
\.


--
-- TOC entry 3396 (class 0 OID 0)
-- Dependencies: 219
-- Name: pax_availability_id_seq; Type: SEQUENCE SET; Schema: public; Owner: postgres
--

SELECT pg_catalog.setval('public.pax_availability_id_seq', 479, true);


--
-- TOC entry 3397 (class 0 OID 0)
-- Dependencies: 217
-- Name: prices_id_seq; Type: SEQUENCE SET; Schema: public; Owner: postgres
--

SELECT pg_catalog.setval('public.prices_id_seq', 7, true);


--
-- TOC entry 3224 (class 2606 OID 29559)
-- Name: _prisma_migrations _prisma_migrations_pkey; Type: CONSTRAINT; Schema: public; Owner: postgres
--

ALTER TABLE ONLY public._prisma_migrations
    ADD CONSTRAINT _prisma_migrations_pkey PRIMARY KEY (id);


--
-- TOC entry 3228 (class 2606 OID 29575)
-- Name: available_slots available_slots_pkey; Type: CONSTRAINT; Schema: public; Owner: postgres
--

ALTER TABLE ONLY public.available_slots
    ADD CONSTRAINT available_slots_pkey PRIMARY KEY (slot_id);


--
-- TOC entry 3226 (class 2606 OID 29566)
-- Name: passenger_types passenger_types_pkey; Type: CONSTRAINT; Schema: public; Owner: postgres
--

ALTER TABLE ONLY public.passenger_types
    ADD CONSTRAINT passenger_types_pkey PRIMARY KEY (type);


--
-- TOC entry 3232 (class 2606 OID 29583)
-- Name: prices prices_pkey; Type: CONSTRAINT; Schema: public; Owner: postgres
--

ALTER TABLE ONLY public.prices
    ADD CONSTRAINT prices_pkey PRIMARY KEY (id);


--
-- TOC entry 3234 (class 2606 OID 29593)
-- Name: pax_availability slot_pax_availability_pkey; Type: CONSTRAINT; Schema: public; Owner: postgres
--

ALTER TABLE ONLY public.pax_availability
    ADD CONSTRAINT slot_pax_availability_pkey PRIMARY KEY (id);


--
-- TOC entry 3229 (class 1259 OID 29594)
-- Name: idx_slot_datetime; Type: INDEX; Schema: public; Owner: postgres
--

CREATE INDEX idx_slot_datetime ON public.available_slots USING btree (start_date, start_time);


--
-- TOC entry 3230 (class 1259 OID 29613)
-- Name: prices_original_price_discount_final_price_currency_code_key; Type: INDEX; Schema: public; Owner: postgres
--

CREATE UNIQUE INDEX prices_original_price_discount_final_price_currency_code_key ON public.prices USING btree (original_price, discount, final_price, currency_code);


--
-- TOC entry 3235 (class 1259 OID 29596)
-- Name: slot_pax_availability_slot_id_pax_type_key; Type: INDEX; Schema: public; Owner: postgres
--

CREATE UNIQUE INDEX slot_pax_availability_slot_id_pax_type_key ON public.pax_availability USING btree (slot_id, pax_type);


--
-- TOC entry 3236 (class 2606 OID 29602)
-- Name: pax_availability slot_pax_availability_pax_type_fkey; Type: FK CONSTRAINT; Schema: public; Owner: postgres
--

ALTER TABLE ONLY public.pax_availability
    ADD CONSTRAINT slot_pax_availability_pax_type_fkey FOREIGN KEY (pax_type) REFERENCES public.passenger_types(type) ON UPDATE CASCADE ON DELETE CASCADE;


--
-- TOC entry 3237 (class 2606 OID 29607)
-- Name: pax_availability slot_pax_availability_price_id_fkey; Type: FK CONSTRAINT; Schema: public; Owner: postgres
--

ALTER TABLE ONLY public.pax_availability
    ADD CONSTRAINT slot_pax_availability_price_id_fkey FOREIGN KEY (price_id) REFERENCES public.prices(id) ON UPDATE CASCADE ON DELETE CASCADE;


--
-- TOC entry 3238 (class 2606 OID 29597)
-- Name: pax_availability slot_pax_availability_slot_id_fkey; Type: FK CONSTRAINT; Schema: public; Owner: postgres
--

ALTER TABLE ONLY public.pax_availability
    ADD CONSTRAINT slot_pax_availability_slot_id_fkey FOREIGN KEY (slot_id) REFERENCES public.available_slots(slot_id) ON UPDATE CASCADE ON DELETE CASCADE;


--
-- TOC entry 3393 (class 0 OID 0)
-- Dependencies: 5
-- Name: SCHEMA public; Type: ACL; Schema: -; Owner: postgres
--

REVOKE USAGE ON SCHEMA public FROM PUBLIC;


-- Completed on 2025-03-28 22:52:18 IST

--
-- PostgreSQL database dump complete
--

